"","Mean","Median","StD","Min","Max"
"2005",139.115798492118,129.4,44.4688520827805,64.8,291.3
"2006",134.532100456621,125,42.0114792392484,48.4,291.4
"2007",144.45747716895,134.8,44.6462245557119,69,307.4
"2008",147.095525956284,134.9,45.8466809828266,72.5,295.9
"2009",149.164429223744,139.2,44.954488835517,64.4,303.8
"2010",161.135205479452,150.3,52.8793903933684,72.4,315.6
"2011",148.439404138619,135.25,50.0731275911912,16.1,317.5
